Age,Cycling Distance in miles
0 to 16,25.51657528
17 to 20,35.41726829
21 to 29,40.33740916
30 to 39,69.46711717
40 to 49,82.7720517
50 to 59,103.8736375
60 to 69,58.78036055
70 and over,26.18732355
